user_id;firstName;lastName;email;sex;age;country;dateCreated;TestGroup
0;Earitodor;Edrar;Earitodor.Edrar@upc.edu;M;30;France;2020-01-02 00:00:00;A
1;Hathedar;Manelar;Hathedar.Manelar@upc.edu;M;30;France;2020-01-02 00:00:00;A
2;Giselaith;Tsirai;Giselaith.Tsirai@upc.edu;F;29;France;2020-01-02 00:00:00;B
3;Liseda;Aeren;Liseda.Aeren@upc.edu;F;31;France;2020-01-02 00:00:00;A
4;Tofast;Cutar;Tofast.Cutar@upc.edu;M;32;France;2020-01-03 00:00:00;A
5;Xoma;Yyrianath;Xoma.Yyrianath@upc.edu;F;23;France;2020-01-03 00:00:00;B
6;Cyryna;Beris;Cyryna.Beris@upc.edu;F;34;France;2020-01-03 00:00:00;B
7;Gloramira;Vanaris;Gloramira.Vanaris@upc.edu;F;30;France;2020-01-03 00:00:00;B
8;Betetira;Meronnu;Betetira.Meronnu@upc.edu;F;39;France;2020-01-04 00:00:00;A
9;Brodyhell;Ethalar;Brodyhell.Ethalar@upc.edu;M;36;France;2020-01-04 00:00:00;A
10;Fulagrim;Varalai;Fulagrim.Varalai@upc.edu;M;21;France;2020-01-04 00:00:00;B
11;Xyba;Bethen;Xyba.Bethen@upc.edu;F;29;France;2020-01-04 00:00:00;A
12;Aduda;Bereo;Aduda.Bereo@upc.edu;F;35;France;2020-01-13 00:00:00;B
13;Areranne;Mirar;Areranne.Mirar@upc.edu;F;22;France;2020-01-17 00:00:00;B
14;Bererek;Danianar;Bererek.Danianar@upc.edu;M;21;France;2020-02-02 00:00:00;B
15;Lisille;Baressu;Lisille.Baressu@upc.edu;F;29;France;2020-02-03 00:00:00;A
16;Mayetira;Baran;Mayetira.Baran@upc.edu;F;22;France;2020-02-23 00:00:00;A
17;Tulybers;Yurian;Tulybers.Yurian@upc.edu;M;34;France;2020-03-22 00:00:00;A
18;Belothra;Finian;Belothra.Finian@upc.edu;F;33;France;2020-03-26 00:00:00;A
19;Aludar;Danian;Aludar.Danian@upc.edu;M;34;France;2020-03-29 00:00:00;B
20;Artherekhad;Kananor;Artherekhad.Kananor@upc.edu;M;32;France;2020-04-14 00:00:00;A
21;Hathifang;Bethenen;Hathifang.Bethenen@upc.edu;M;29;France;2020-04-16 00:00:00;A
22;Mayitha;Yuran;Mayitha.Yuran@upc.edu;F;38;France;2020-04-26 00:00:00;A
23;Eilinama;Daressen;Eilinama.Daressen@upc.edu;F;19;France;2020-04-28 00:00:00;B
24;Mayena;Jedan;Mayena.Jedan@upc.edu;F;32;France;2020-04-30 00:00:00;A
25;Isserek;Tsalai;Isserek.Tsalai@upc.edu;M;30;France;2020-05-26 00:00:00;A
26;Baroran;Iarrenis;Baroran.Iarrenis@upc.edu;M;31;France;2020-05-29 00:00:00;A
27;Khelirach;Bettonnar;Khelirach.Bettonnar@upc.edu;M;35;France;2020-05-29 00:00:00;A
28;Poranor;Kyren;Poranor.Kyren@upc.edu;F;25;France;2020-05-31 00:00:00;A
29;Emelyrina;Meran;Emelyrina.Meran@upc.edu;F;29;France;2020-06-06 00:00:00;B
30;Chamagas;Bettessian;Chamagas.Bettessian@upc.edu;M;38;France;2020-06-07 00:00:00;B
31;Iselaith;Varan;Iselaith.Varan@upc.edu;F;30;France;2020-06-08 00:00:00;A
32;Khelehir;Kareo;Khelehir.Kareo@upc.edu;M;30;France;2020-06-10 00:00:00;A
33;Malach;Bettelath;Malach.Bettelath@upc.edu;M;38;France;2020-06-11 00:00:00;A
34;Layaretira;Daran;Layaretira.Daran@upc.edu;F;38;France;2020-06-13 00:00:00;B
35;Dryregohek;Mireo;Dryregohek.Mireo@upc.edu;M;30;France;2020-06-19 00:00:00;B
36;Velydheta;Iarrar;Velydheta.Iarrar@upc.edu;F;34;France;2020-06-21 00:00:00;B
37;Gedor;Danelian;Gedor.Danelian@upc.edu;M;19;France;2020-06-22 00:00:00;B
38;Halaruirig;Kerorian;Halaruirig.Kerorian@upc.edu;M;32;France;2020-06-28 00:00:00;B
39;Aerutira;Marian;Aerutira.Marian@upc.edu;F;30;France;2020-07-01 00:00:00;A
40;Bethodhewen;Ettianath;Bethodhewen.Ettianath@upc.edu;F;28;France;2020-07-13 00:00:00;B
41;Adywen;Vanor;Adywen.Vanor@upc.edu;F;40;France;2020-07-16 00:00:00;A
42;Mayodhevea;Aeranis;Mayodhevea.Aeranis@upc.edu;F;27;France;2020-07-19 00:00:00;A
43;Aeredhetta;Daressu;Aeredhetta.Daressu@upc.edu;F;28;France;2020-08-02 00:00:00;B
44;Rhydunandil;Anaror;Rhydunandil.Anaror@upc.edu;M;27;France;2020-08-04 00:00:00;A
45;Arurig;Dellelan;Arurig.Dellelan@upc.edu;M;29;France;2020-08-05 00:00:00;A
46;Lisita;Tsalis;Lisita.Tsalis@upc.edu;F;39;France;2020-08-06 00:00:00;B
47;Eilinimira;Deris;Eilinimira.Deris@upc.edu;F;34;France;2020-08-08 00:00:00;B
48;Bokodunavon;Manath;Bokodunavon.Manath@upc.edu;M;30;France;2020-08-16 00:00:00;B
49;Layosevea;Tsalenor;Layosevea.Tsalenor@upc.edu;F;27;France;2020-08-17 00:00:00;B
50;Amyvor;Mananen;Amyvor.Mananen@upc.edu;M;19;France;2020-08-18 00:00:00;A
51;Yvimira;Tsiralan;Yvimira.Tsiralan@upc.edu;F;30;France;2020-08-19 00:00:00;A
52;Issogarion;Deressor;Issogarion.Deressor@upc.edu;M;31;France;2020-08-20 00:00:00;A
53;Gliba;Deressath;Gliba.Deressath@upc.edu;F;34;France;2020-08-20 00:00:00;A
54;Ce'Nubeth;Vanai;Ce'Nubeth.Vanai@upc.edu;F;20;France;2020-08-21 00:00:00;A
55;Anedurim;Merian;Anedurim.Merian@upc.edu;M;26;France;2020-08-23 00:00:00;B
56;Harineg;Yyranen;Harineg.Yyranen@upc.edu;M;26;France;2020-08-24 00:00:00;A
57;Chaligund;Yyrian;Chaligund.Yyrian@upc.edu;M;27;France;2020-08-25 00:00:00;A
58;Hanosasta;Dellalar;Hanosasta.Dellalar@upc.edu;M;37;France;2020-08-25 00:00:00;B
59;Emurelaith;Edris;Emurelaith.Edris@upc.edu;F;38;France;2020-08-26 00:00:00;A
60;Mayeda;Tsirorian;Mayeda.Tsirorian@upc.edu;F;20;France;2020-08-28 00:00:00;B
61;Urigrim;Deror;Urigrim.Deror@upc.edu;M;33;France;2020-09-01 00:00:00;A
62;Erelibers;Dararath;Erelibers.Dararath@upc.edu;M;27;France;2020-09-01 00:00:00;A
63;Brenublek;Tsalan;Brenublek.Tsalan@upc.edu;M;29;France;2020-09-02 00:00:00;B
64;Gemira;Ethonnai;Gemira.Ethonnai@upc.edu;F;30;France;2020-09-03 00:00:00;A
65;Delusadir;Kerar;Delusadir.Kerar@upc.edu;M;36;France;2020-09-08 00:00:00;A
66;Huredas;Tsirian;Huredas.Tsirian@upc.edu;M;24;France;2020-09-09 00:00:00;B
67;Salitira;Ettenor;Salitira.Ettenor@upc.edu;F;39;France;2020-09-09 00:00:00;A
68;Earehad;Aerenis;Earehad.Aerenis@upc.edu;M;26;France;2020-09-10 00:00:00;B
69;Velimira;Cutian;Velimira.Cutian@upc.edu;F;33;France;2020-09-13 00:00:00;B
70;Aerivena;Illessis;Aerivena.Illessis@upc.edu;F;39;France;2020-09-15 00:00:00;B
71;Mardirig;Mireleo;Mardirig.Mireleo@upc.edu;M;27;France;2020-09-15 00:00:00;B
72;Runigund;Edrath;Runigund.Edrath@upc.edu;M;33;France;2020-09-18 00:00:00;A
73;Aeraldassra;Bethan;Aeraldassra.Bethan@upc.edu;F;31;France;2020-09-19 00:00:00;A
74;Arisus;Tserai;Arisus.Tserai@upc.edu;M;31;France;2020-09-22 00:00:00;A
75;Arakalthondil;Yurai;Arakalthondil.Yurai@upc.edu;M;34;France;2020-09-24 00:00:00;A
76;Zanegahek;Jedor;Zanegahek.Jedor@upc.edu;M;29;France;2020-09-27 00:00:00;A
77;Zubegana;Varen;Zubegana.Varen@upc.edu;F;25;France;2020-09-29 00:00:00;B
78;Isoldatha;Ethalian;Isoldatha.Ethalian@upc.edu;F;37;France;2020-09-29 00:00:00;B
79;Gohararain;Ettessen;Gohararain.Ettessen@upc.edu;M;29;France;2020-10-03 00:00:00;A
80;Velynne;Maneo;Velynne.Maneo@upc.edu;F;30;France;2020-10-06 00:00:00;A
81;Relgykhad;Kurrianian;Relgykhad.Kurrianian@upc.edu;M;37;France;2020-10-07 00:00:00;A
82;Silomina;Ianessor;Silomina.Ianessor@upc.edu;F;28;France;2020-10-09 00:00:00;A
83;Radhogrim;Finelian;Radhogrim.Finelian@upc.edu;M;26;France;2020-10-16 00:00:00;B
84;Anerim;Ethelen;Anerim.Ethelen@upc.edu;M;31;France;2020-10-17 00:00:00;B
85;Toryrach;Edralor;Toryrach.Edralor@upc.edu;M;30;France;2020-10-17 00:00:00;B
86;Chagorn;Tsiraris;Chagorn.Tsiraris@upc.edu;M;24;France;2020-10-18 00:00:00;B
87;Daimirach;Illis;Daimirach.Illis@upc.edu;M;26;France;2020-10-18 00:00:00;A
88;Misakan;Aror;Misakan.Aror@upc.edu;M;29;France;2020-10-19 00:00:00;B
89;Korerak;Bettessor;Korerak.Bettessor@upc.edu;M;25;France;2020-10-21 00:00:00;B
90;Aeretta;Meronnu;Aeretta.Meronnu@upc.edu;F;26;France;2020-10-26 00:00:00;B
91;Manithad;Ethar;Manithad.Ethar@upc.edu;M;34;France;2020-10-26 00:00:00;A
92;Xytha;Deris;Xytha.Deris@upc.edu;F;29;France;2020-10-26 00:00:00;B
93;Eilinamina;Bettonnen;Eilinamina.Bettonnen@upc.edu;F;33;France;2020-10-29 00:00:00;A
94;Elitha;Kanarai;Elitha.Kanarai@upc.edu;F;19;France;2020-10-30 00:00:00;A
95;Rhular;Finor;Rhular.Finor@upc.edu;M;26;France;2020-10-31 00:00:00;B
96;Camunarintir;Tsiru;Camunarintir.Tsiru@upc.edu;M;24;France;2020-11-01 00:00:00;B
97;Porisenn;Aerar;Porisenn.Aerar@upc.edu;F;28;France;2020-11-01 00:00:00;B
98;Neretha;Vanessath;Neretha.Vanessath@upc.edu;F;36;France;2020-11-03 00:00:00;A
99;Midin;Ettaru;Midin.Ettaru@upc.edu;M;27;France;2020-11-05 00:00:00;A
100;Gidas;Iarressis;Gidas.Iarressis@upc.edu;M;29;France;2020-11-06 00:00:00;B
101;Poriwe;Anar;Poriwe.Anar@upc.edu;F;28;France;2020-11-08 00:00:00;A
102;Velunor;Kanelen;Velunor.Kanelen@upc.edu;F;29;France;2020-11-09 00:00:00;A
103;Chamabar;Darelar;Chamabar.Darelar@upc.edu;M;26;France;2020-11-09 00:00:00;A
104;Cyrumith;Tsiranian;Cyrumith.Tsiranian@upc.edu;F;33;France;2020-11-09 00:00:00;B
105;Goredrantir;Karenu;Goredrantir.Karenu@upc.edu;M;38;France;2020-11-10 00:00:00;B
106;Getysin;Aeroreo;Getysin.Aeroreo@upc.edu;M;27;France;2020-11-10 00:00:00;A
107;Porilaith;Kurrorian;Porilaith.Kurrorian@upc.edu;F;26;France;2020-11-11 00:00:00;A
108;Isida;Bananeo;Isida.Bananeo@upc.edu;F;31;France;2020-11-12 00:00:00;B
109;Cuthukhad;Keru;Cuthukhad.Keru@upc.edu;M;33;France;2020-11-14 00:00:00;B
110;Hurichak;Baris;Hurichak.Baris@upc.edu;M;35;France;2020-11-15 00:00:00;B
111;Eilinaba;Miraru;Eilinaba.Miraru@upc.edu;F;31;France;2020-11-16 00:00:00;A
112;Tulunik;Bethalan;Tulunik.Bethalan@upc.edu;M;25;France;2020-11-17 00:00:00;A
113;Isledath;Aerelu;Isledath.Aerelu@upc.edu;F;26;France;2020-11-19 00:00:00;B
114;Armorion;Aeris;Armorion.Aeris@upc.edu;M;22;France;2020-11-19 00:00:00;A
115;Isyvea;Manian;Isyvea.Manian@upc.edu;F;40;France;2020-11-19 00:00:00;B
116;Elunne;Iarru;Elunne.Iarru@upc.edu;F;27;France;2020-11-19 00:00:00;A
117;Mayibeth;Kyralis;Mayibeth.Kyralis@upc.edu;F;29;France;2020-11-19 00:00:00;B
118;Giregokath;Yuressai;Giregokath.Yuressai@upc.edu;M;21;France;2020-11-20 00:00:00;A
119;Xanuth;Ethanar;Xanuth.Ethanar@upc.edu;F;25;France;2020-11-23 00:00:00;B
120;Elenithad;Erar;Elenithad.Erar@upc.edu;M;32;France;2020-11-24 00:00:00;B
121;Falysamnir;Banath;Falysamnir.Banath@upc.edu;M;29;France;2020-11-24 00:00:00;A
122;Brodoldir;Yurath;Brodoldir.Yurath@upc.edu;M;28;France;2020-11-24 00:00:00;A
123;Arydunagar;Ettoru;Arydunagar.Ettoru@upc.edu;M;30;France;2020-11-25 00:00:00;B
124;Arovea;Vanelath;Arovea.Vanelath@upc.edu;F;37;France;2020-11-26 00:00:00;A
125;Torutar;Ettenar;Torutar.Ettenar@upc.edu;M;40;France;2020-11-27 00:00:00;A
126;Runygodar;Kyrelan;Runygodar.Kyrelan@upc.edu;M;36;France;2020-11-27 00:00:00;A
127;Manekhad;Manian;Manekhad.Manian@upc.edu;M;38;France;2020-11-28 00:00:00;B
128;Bregynarilathalach;Aris;Bregynarilathalach.Aris@upc.edu;M;35;France;2020-11-29 00:00:00;A
129;Zadas;Tseru;Zadas.Tseru@upc.edu;M;31;France;2020-11-30 00:00:00;B
130;Isirinn;Ethath;Isirinn.Ethath@upc.edu;F;25;France;2020-11-30 00:00:00;A
131;Giwe;Danor;Giwe.Danor@upc.edu;F;32;France;2020-12-03 00:00:00;A
132;Glorysessra;Vanath;Glorysessra.Vanath@upc.edu;F;21;France;2020-12-04 00:00:00;B
133;Aeredar;Kyrenai;Aeredar.Kyrenai@upc.edu;M;28;France;2020-12-04 00:00:00;A
134;Arugrim;Varessai;Arugrim.Varessai@upc.edu;M;38;France;2020-12-05 00:00:00;A
135;Cyrora;Vanianai;Cyrora.Vanianai@upc.edu;F;31;France;2020-12-09 00:00:00;A
136;Aerydhema;Manan;Aerydhema.Manan@upc.edu;F;19;France;2020-12-09 00:00:00;B
137;Xuvena;Finoreo;Xuvena.Finoreo@upc.edu;F;23;France;2020-12-10 00:00:00;B
138;Velygada;Tsironnar;Velygada.Tsironnar@upc.edu;F;24;France;2020-12-10 00:00:00;A
139;Porenne;Karath;Porenne.Karath@upc.edu;F;33;France;2020-12-12 00:00:00;B
140;Ce'Nymilranor;Iarrianai;Ce'Nymilranor.Iarrianai@upc.edu;F;23;France;2020-12-12 00:00:00;B
141;Samusus;Erar;Samusus.Erar@upc.edu;M;29;France;2020-12-13 00:00:00;A
142;Yvakira;Jedarar;Yvakira.Jedarar@upc.edu;F;26;France;2020-12-13 00:00:00;B
143;Adeda;Varianath;Adeda.Varianath@upc.edu;F;34;France;2020-12-17 00:00:00;B
144;Chamagandur;Aeror;Chamagandur.Aeror@upc.edu;M;20;France;2020-12-18 00:00:00;B
145;Aerumira;Edroru;Aerumira.Edroru@upc.edu;F;30;France;2020-12-20 00:00:00;B
146;Falilen;Mararan;Falilen.Mararan@upc.edu;M;36;France;2020-12-20 00:00:00;B
147;Unrysachak;Baronnor;Unrysachak.Baronnor@upc.edu;M;35;France;2020-12-20 00:00:00;B
148;Tolestir;Etharen;Tolestir.Etharen@upc.edu;M;37;France;2020-12-20 00:00:00;A
149;Alynarirach;Dellonnath;Alynarirach.Dellonnath@upc.edu;M;20;France;2020-12-23 00:00:00;A
150;Ulurab;Kurrar;Ulurab.Kurrar@upc.edu;M;34;France;2020-12-23 00:00:00;B
151;Voruvena;Finath;Voruvena.Finath@upc.edu;F;32;France;2020-12-24 00:00:00;B
152;Eilinagata;Daran;Eilinagata.Daran@upc.edu;F;35;France;2020-12-24 00:00:00;A
153;Gloririn;Berian;Gloririn.Berian@upc.edu;F;20;France;2020-12-26 00:00:00;A
154;Xerysebeth;Manu;Xerysebeth.Manu@upc.edu;F;22;France;2020-12-26 00:00:00;B
155;Zerion;Daressu;Zerion.Daressu@upc.edu;M;26;France;2020-12-27 00:00:00;A
156;Xolravena;Keru;Xolravena.Keru@upc.edu;F;33;France;2020-12-27 00:00:00;A
157;Geterin;Kurrenis;Geterin.Kurrenis@upc.edu;M;25;France;2020-12-28 00:00:00;B
158;Chalygen;Ettoran;Chalygen.Ettoran@upc.edu;M;25;France;2020-12-28 00:00:00;A
159;Ulfydekath;Aerar;Ulfydekath.Aerar@upc.edu;M;32;France;2020-12-28 00:00:00;A
160;Draroddaran;Yuraris;Draroddaran.Yuraris@upc.edu;M;31;France;2020-12-29 00:00:00;B
161;Adymitha;Tsaleo;Adymitha.Tsaleo@upc.edu;F;33;France;2020-12-30 00:00:00;B
162;Lelileg;Tsalan;Lelileg.Tsalan@upc.edu;M;30;France;2020-12-31 00:00:00;B
163;Xanuth;Anianian;Xanuth.Anianian@upc.edu;F;22;France;2020-12-31 00:00:00;B
164;Marig;Dellath;Marig.Dellath@upc.edu;M;25;France;2020-12-31 00:00:00;A
